{
    "prepare_queue": {
        "installed": [],
        "uninstalled": []
    },
    "config_munge": {
        "files": {
            "AndroidManifest.xml": {
                "parents": {
                    "/manifest/application": [
                        {
                            "xml": "<activity android:configChanges=\"keyboard|keyboardHidden|orientation|screenLayout|uiMode|screenSize|smallestScreenSize\" android:name=\"com.google.android.gms.ads.AdActivity\" android:theme=\"@android:style/Theme.Translucent\" />",
                            "count": 1
                        },
                        {
                            "xml": "<activity android:clearTaskOnLaunch=\"true\" android:configChanges=\"orientation|keyboardHidden\" android:exported=\"false\" android:name=\"com.google.zxing.client.android.CaptureActivity\" android:theme=\"@android:style/Theme.NoTitleBar.Fullscreen\" android:windowSoftInputMode=\"stateAlwaysHidden\"><intent-filter><action android:name=\"com.google.zxing.client.android.SCAN\" /><category android:name=\"android.intent.category.DEFAULT\" /></intent-filter></activity>",
                            "count": 1
                        },
                        {
                            "xml": "<activity android:label=\"@string/share_name\" android:name=\"com.google.zxing.client.android.encode.EncodeActivity\"><intent-filter><action android:name=\"com.phonegap.plugins.barcodescanner.ENCODE\" /><category android:name=\"android.intent.category.DEFAULT\" /></intent-filter></activity>",
                            "count": 1
                        },
                        {
                            "xml": "<activity android:label=\"@string/share_name\" android:name=\"com.google.zxing.client.android.HelpActivity\"><intent-filter><action android:name=\"android.intent.action.VIEW\" /><category android:name=\"android.intent.category.DEFAULT\" /></intent-filter></activity>",
                            "count": 1
                        },
                        {
                            "xml": "<activity android:exported=\"true\" android:name=\"com.adobe.phonegap.push.PushHandlerActivity\" />",
                            "count": 1
                        },
                        {
                            "xml": "<receiver android:exported=\"true\" android:name=\"com.google.android.gms.gcm.GcmReceiver\" android:permission=\"com.google.android.c2dm.permission.SEND\"><intent-filter><action android:name=\"com.google.android.c2dm.intent.RECEIVE\" /><category android:name=\"${applicationId}\" /></intent-filter></receiver>",
                            "count": 1
                        },
                        {
                            "xml": "<service android:exported=\"false\" android:name=\"com.adobe.phonegap.push.GCMIntentService\"><intent-filter><action android:name=\"com.google.android.c2dm.intent.RECEIVE\" /></intent-filter></service>",
                            "count": 1
                        },
                        {
                            "xml": "<service android:exported=\"false\" android:name=\"com.adobe.phonegap.push.PushInstanceIDListenerService\"><intent-filter><action android:name=\"com.google.android.gms.iid.InstanceID\" /></intent-filter></service>",
                            "count": 1
                        },
                        {
                            "xml": "<service android:exported=\"false\" android:name=\"com.adobe.phonegap.push.RegistrationIntentService\"></service>",
                            "count": 1
                        },
                        {
                            "xml": "<receiver android:exported=\"false\" android:name=\"de.appplant.cordova.plugin.localnotification.TriggerReceiver\" />",
                            "count": 1
                        },
                        {
                            "xml": "<receiver android:exported=\"false\" android:name=\"de.appplant.cordova.plugin.localnotification.ClearReceiver\" />",
                            "count": 1
                        },
                        {
                            "xml": "<activity android:exported=\"false\" android:launchMode=\"singleInstance\" android:name=\"de.appplant.cordova.plugin.localnotification.ClickActivity\" android:theme=\"@android:style/Theme.NoDisplay\" />",
                            "count": 1
                        },
                        {
                            "xml": "<receiver android:exported=\"false\" android:name=\"de.appplant.cordova.plugin.notification.TriggerReceiver\" />",
                            "count": 1
                        },
                        {
                            "xml": "<receiver android:exported=\"false\" android:name=\"de.appplant.cordova.plugin.notification.ClearReceiver\" />",
                            "count": 1
                        },
                        {
                            "xml": "<receiver android:exported=\"false\" android:name=\"de.appplant.cordova.plugin.localnotification.RestoreReceiver\"><intent-filter><action android:name=\"android.intent.action.BOOT_COMPLETED\" /></intent-filter></receiver>",
                            "count": 1
                        },
                        {
                            "xml": "<activity android:exported=\"false\" android:launchMode=\"singleInstance\" android:name=\"de.appplant.cordova.plugin.notification.ClickActivity\" android:theme=\"@android:style/Theme.NoDisplay\" />",
                            "count": 1
                        }
                    ],
                    "/*": [
                        {
                            "xml": "<uses-permission android:name=\"android.permission.INTERNET\" />",
                            "count": 2
                        },
                        {
                            "xml": "<uses-permission android:name=\"android.permission.ACCESS_NETWORK_STATE\" />",
                            "count": 1
                        },
                        {
                            "xml": "<uses-permission android:name=\"android.permission.RECORD_AUDIO\" />",
                            "count": 2
                        },
                        {
                            "xml": "<uses-permission android:name=\"android.permission.MODIFY_AUDIO_SETTINGS\" />",
                            "count": 2
                        },
                        {
                            "xml": "<uses-permission android:name=\"android.permission.WRITE_EXTERNAL_STORAGE\" />",
                            "count": 5
                        },
                        {
                            "xml": "<uses-permission android:name=\"android.permission.READ_PHONE_STATE\" />",
                            "count": 2
                        },
                        {
                            "xml": "<uses-permission android:name=\"android.permission.ACCESS_COARSE_LOCATION\" />",
                            "count": 1
                        },
                        {
                            "xml": "<uses-permission android:name=\"android.permission.ACCESS_FINE_LOCATION\" />",
                            "count": 1
                        }
                    ],
                    "/manifest": [
                        {
                            "xml": "<uses-permission android:name=\"android.permission.INTERNET\" />",
                            "count": 2
                        },
                        {
                            "xml": "<uses-permission android:name=\"android.permission.ACCESS_NETWORK_STATE\" />",
                            "count": 2
                        },
                        {
                            "xml": "<uses-permission android:name=\"android.permission.ACCESS_WIFI_STATE\" />",
                            "count": 1
                        },
                        {
                            "xml": "<uses-permission android:name=\"android.permission.WRITE_EXTERNAL_STORAGE\" />",
                            "count": 2
                        },
                        {
                            "xml": "<uses-permission android:name=\"android.permission.CAMERA\" />",
                            "count": 1
                        },
                        {
                            "xml": "<uses-permission android:name=\"android.permission.FLASHLIGHT\" />",
                            "count": 1
                        },
                        {
                            "xml": "<uses-feature android:name=\"android.hardware.camera\" android:required=\"false\" />",
                            "count": 1
                        },
                        {
                            "xml": "<uses-permission android:name=\"android.permission.WAKE_LOCK\" />",
                            "count": 1
                        },
                        {
                            "xml": "<uses-permission android:name=\"android.permission.VIBRATE\" />",
                            "count": 1
                        },
                        {
                            "xml": "<uses-permission android:name=\"com.google.android.c2dm.permission.RECEIVE\" />",
                            "count": 1
                        },
                        {
                            "xml": "<permission android:name=\"${applicationId}.permission.C2D_MESSAGE\" android:protectionLevel=\"signature\" />",
                            "count": 1
                        },
                        {
                            "xml": "<uses-permission android:name=\"${applicationId}.permission.C2D_MESSAGE\" />",
                            "count": 1
                        },
                        {
                            "xml": "<uses-permission android:name=\"android.permission.RECEIVE_BOOT_COMPLETED\" />",
                            "count": 1
                        }
                    ]
                }
            },
            "res/xml/config.xml": {
                "parents": {
                    "/*": [
                        {
                            "xml": "<feature name=\"AdMob\"><param name=\"android-package\" value=\"com.rjfun.cordova.admob.AdMobPlugin\" /><param name=\"onload\" value=\"true\" /></feature>",
                            "count": 1
                        },
                        {
                            "xml": "<feature name=\"HotCodePush\"><param name=\"android-package\" value=\"com.nordnetab.chcp.main.HotCodePushPlugin\" /><param name=\"onload\" value=\"true\" /></feature>",
                            "count": 1
                        },
                        {
                            "xml": "<feature name=\"SplashScreen\"><param name=\"android-package\" value=\"org.apache.cordova.splashscreen.SplashScreen\" /><param name=\"onload\" value=\"true\" /></feature>",
                            "count": 1
                        },
                        {
                            "xml": "<feature name=\"BackgroundGeoloc\"><param name=\"android-package\" value=\"com.appsmobilecompany.base.CDVBackgroundGeoloc\" /></feature>",
                            "count": 1
                        },
                        {
                            "xml": "<feature name=\"AppVersion\"><param name=\"android-package\" value=\"uk.co.whiteoctober.cordova.AppVersion\" /></feature>",
                            "count": 1
                        },
                        {
                            "xml": "<feature name=\"Stream\"><param name=\"android-package\" value=\"org.apache.cordova.media.AudioHandler\" /></feature>",
                            "count": 1
                        },
                        {
                            "xml": "<feature name=\"BarcodeScanner\"><param name=\"android-package\" value=\"com.phonegap.plugins.barcodescanner.BarcodeScanner\" /></feature>",
                            "count": 1
                        },
                        {
                            "xml": "<feature name=\"Camera\"><param name=\"android-package\" value=\"org.apache.cordova.camera.CameraLauncher\" /></feature>",
                            "count": 1
                        },
                        {
                            "xml": "<feature name=\"Clipboard\"><param name=\"android-package\" value=\"com.verso.cordova.clipboard.Clipboard\" /></feature>",
                            "count": 1
                        },
                        {
                            "xml": "<feature name=\"Device\"><param name=\"android-package\" value=\"org.apache.cordova.device.Device\" /></feature>",
                            "count": 1
                        },
                        {
                            "xml": "<feature name=\"Notification\"><param name=\"android-package\" value=\"org.apache.cordova.dialogs.Notification\" /></feature>",
                            "count": 1
                        },
                        {
                            "xml": "<feature name=\"File\"><param name=\"android-package\" value=\"org.apache.cordova.file.FileUtils\" /><param name=\"onload\" value=\"true\" /></feature>",
                            "count": 1
                        },
                        {
                            "xml": "<feature name=\"Geolocation\"><param name=\"android-package\" value=\"org.apache.cordova.geolocation.Geolocation\" /></feature>",
                            "count": 1
                        },
                        {
                            "xml": "<feature name=\"InAppBrowser\"><param name=\"android-package\" value=\"org.apache.cordova.inappbrowser.InAppBrowser\" /></feature>",
                            "count": 1
                        },
                        {
                            "xml": "<feature name=\"Keyboard\"><param name=\"android-package\" value=\"io.ionic.keyboard.IonicKeyboard\" /><param name=\"onload\" value=\"true\" /></feature>",
                            "count": 1
                        },
                        {
                            "xml": "<feature name=\"Media\"><param name=\"android-package\" value=\"org.apache.cordova.media.AudioHandler\" /></feature>",
                            "count": 1
                        },
                        {
                            "xml": "<feature name=\"ProgressView\"><param name=\"android-package\" value=\"de.neofonie.cordova.plugin.progressview.ProgressView\" /></feature>",
                            "count": 1
                        },
                        {
                            "xml": "<feature name=\"PushNotification\"><param name=\"android-package\" value=\"com.adobe.phonegap.push.PushPlugin\" /></feature>",
                            "count": 1
                        },
                        {
                            "xml": "<feature name=\"SocialSharing\"><param name=\"android-package\" value=\"nl.xservices.plugins.SocialSharing\" /></feature>",
                            "count": 1
                        },
                        {
                            "xml": "<feature name=\"StatusBar\"><param name=\"android-package\" value=\"org.apache.cordova.statusbar.StatusBar\" /><param name=\"onload\" value=\"true\" /></feature>",
                            "count": 1
                        },
                        {
                            "xml": "<feature name=\"VideoPlayer\"><param name=\"android-package\" value=\"com.dawsonloudon.videoplayer.VideoPlayer\" /></feature>",
                            "count": 1
                        },
                        {
                            "xml": "<feature name=\"Whitelist\"><param name=\"android-package\" value=\"org.apache.cordova.whitelist.WhitelistPlugin\" /><param name=\"onload\" value=\"true\" /></feature>",
                            "count": 1
                        },
                        {
                            "xml": "<feature name=\"LocalNotification\"><param name=\"android-package\" value=\"de.appplant.cordova.plugin.localnotification.LocalNotification\" /></feature>",
                            "count": 1
                        },
                        {
                            "xml": "<feature name=\"OfflineMode\"><param name=\"android-package\" value=\"com.appsmobilecompany.base.OfflineMode\" /></feature>",
                            "count": 1
                        }
                    ]
                }
            },
            "config.xml": {
                "parents": {
                    "/*": [
                        {
                            "xml": "<preference name=\"loadUrlTimeoutValue\" value=\"60000\" />",
                            "count": 1
                        }
                    ]
                }
            },
            "res/values/strings.xml": {
                "parents": {
                    "/resources": [
                        {
                            "xml": "<string name=\"app_picker_name\">Applications</string>",
                            "count": 1
                        },
                        {
                            "xml": "<string name=\"bookmark_picker_name\">Bookmarks</string>",
                            "count": 1
                        },
                        {
                            "xml": "<string name=\"button_add_calendar\">Add to calendar</string>",
                            "count": 1
                        },
                        {
                            "xml": "<string name=\"button_add_contact\">Add contact</string>",
                            "count": 1
                        },
                        {
                            "xml": "<string name=\"button_back\">Back</string>",
                            "count": 1
                        },
                        {
                            "xml": "<string name=\"button_book_search\">Book Search</string>",
                            "count": 1
                        },
                        {
                            "xml": "<string name=\"button_cancel\">Cancel</string>",
                            "count": 1
                        },
                        {
                            "xml": "<string name=\"button_custom_product_search\">Custom search</string>",
                            "count": 1
                        },
                        {
                            "xml": "<string name=\"button_dial\">Dial number</string>",
                            "count": 1
                        },
                        {
                            "xml": "<string name=\"button_done\">Done</string>",
                            "count": 1
                        },
                        {
                            "xml": "<string name=\"button_email\">Send email</string>",
                            "count": 1
                        },
                        {
                            "xml": "<string name=\"button_get_directions\">Get directions</string>",
                            "count": 1
                        },
                        {
                            "xml": "<string name=\"button_google_shopper\">Shopper</string>",
                            "count": 1
                        },
                        {
                            "xml": "<string name=\"button_mms\">Send MMS</string>",
                            "count": 1
                        },
                        {
                            "xml": "<string name=\"button_ok\">OK</string>",
                            "count": 1
                        },
                        {
                            "xml": "<string name=\"button_open_browser\">Open browser</string>",
                            "count": 1
                        },
                        {
                            "xml": "<string name=\"button_product_search\">Product Search</string>",
                            "count": 1
                        },
                        {
                            "xml": "<string name=\"button_search_book_contents\">Search contents</string>",
                            "count": 1
                        },
                        {
                            "xml": "<string name=\"button_share_app\">Application</string>",
                            "count": 1
                        },
                        {
                            "xml": "<string name=\"button_share_bookmark\">Bookmark</string>",
                            "count": 1
                        },
                        {
                            "xml": "<string name=\"button_share_by_email\">Share via email</string>",
                            "count": 1
                        },
                        {
                            "xml": "<string name=\"button_share_by_sms\">Share via SMS</string>",
                            "count": 1
                        },
                        {
                            "xml": "<string name=\"button_share_clipboard\">Clipboard</string>",
                            "count": 1
                        },
                        {
                            "xml": "<string name=\"button_share_contact\">Contact</string>",
                            "count": 1
                        },
                        {
                            "xml": "<string name=\"button_show_map\">Show map</string>",
                            "count": 1
                        },
                        {
                            "xml": "<string name=\"button_sms\">Send SMS</string>",
                            "count": 1
                        },
                        {
                            "xml": "<string name=\"button_web_search\">Web search</string>",
                            "count": 1
                        },
                        {
                            "xml": "<string name=\"button_wifi\">Connect to Network</string>",
                            "count": 1
                        },
                        {
                            "xml": "<string name=\"contents_contact\">Contact info</string>",
                            "count": 1
                        },
                        {
                            "xml": "<string name=\"contents_email\">Email address</string>",
                            "count": 1
                        },
                        {
                            "xml": "<string name=\"contents_location\">Geographic coordinates</string>",
                            "count": 1
                        },
                        {
                            "xml": "<string name=\"contents_phone\">Phone number</string>",
                            "count": 1
                        },
                        {
                            "xml": "<string name=\"contents_sms\">SMS address</string>",
                            "count": 1
                        },
                        {
                            "xml": "<string name=\"contents_text\">Plain text</string>",
                            "count": 1
                        },
                        {
                            "xml": "<string name=\"history_clear_text\">Clear history</string>",
                            "count": 1
                        },
                        {
                            "xml": "<string name=\"history_clear_one_history_text\">Clear</string>",
                            "count": 1
                        },
                        {
                            "xml": "<string name=\"history_email_title\">Barcode Scanner history</string>",
                            "count": 1
                        },
                        {
                            "xml": "<string name=\"history_empty\">Empty</string>",
                            "count": 1
                        },
                        {
                            "xml": "<string name=\"history_empty_detail\">No barcode scans have been recorded</string>",
                            "count": 1
                        },
                        {
                            "xml": "<string name=\"history_send\">Send history</string>",
                            "count": 1
                        },
                        {
                            "xml": "<string name=\"history_title\">History</string>",
                            "count": 1
                        },
                        {
                            "xml": "<string name=\"menu_encode_mecard\">Use MECARD</string>",
                            "count": 1
                        },
                        {
                            "xml": "<string name=\"menu_encode_vcard\">Use vCard</string>",
                            "count": 1
                        },
                        {
                            "xml": "<string name=\"menu_help\">Help</string>",
                            "count": 1
                        },
                        {
                            "xml": "<string name=\"menu_history\">History</string>",
                            "count": 1
                        },
                        {
                            "xml": "<string name=\"menu_share\">Share</string>",
                            "count": 1
                        },
                        {
                            "xml": "<string name=\"msg_bulk_mode_scanned\">Bulk mode: barcode scanned and saved</string>",
                            "count": 1
                        },
                        {
                            "xml": "<string name=\"msg_camera_framework_bug\">Sorry, the Android camera encountered a problem. You may need to restart the device.</string>",
                            "count": 1
                        },
                        {
                            "xml": "<string name=\"msg_default_format\">Format</string>",
                            "count": 1
                        },
                        {
                            "xml": "<string name=\"msg_default_meta\">Metadata</string>",
                            "count": 1
                        },
                        {
                            "xml": "<string name=\"msg_default_mms_subject\">Hi</string>",
                            "count": 1
                        },
                        {
                            "xml": "<string name=\"msg_default_status\">Place a barcode inside the viewfinder rectangle to scan it.</string>",
                            "count": 1
                        },
                        {
                            "xml": "<string name=\"msg_default_time\">Time</string>",
                            "count": 1
                        },
                        {
                            "xml": "<string name=\"msg_default_type\">Type</string>",
                            "count": 1
                        },
                        {
                            "xml": "<string name=\"msg_encode_contents_failed\">Could not encode a barcode from the data provided.</string>",
                            "count": 1
                        },
                        {
                            "xml": "<string name=\"msg_google_books\">Google Books</string>",
                            "count": 1
                        },
                        {
                            "xml": "<string name=\"msg_google_product\">Google Product Search</string>",
                            "count": 1
                        },
                        {
                            "xml": "<string name=\"msg_google_shopper_missing\">Google Shopper is not installed</string>",
                            "count": 1
                        },
                        {
                            "xml": "<string name=\"msg_install_google_shopper\">Google Shopper combines barcode scanning with online and local prices, reviews and more without opening the browser. Would you like to try it?</string>",
                            "count": 1
                        },
                        {
                            "xml": "<string name=\"msg_intent_failed\">Sorry, the requested application could not be launched. The barcode contents may be invalid.</string>",
                            "count": 1
                        },
                        {
                            "xml": "<string name=\"msg_redirect\">Redirect</string>",
                            "count": 1
                        },
                        {
                            "xml": "<string name=\"msg_sbc_book_not_searchable\">Sorry, this book is not searchable.</string>",
                            "count": 1
                        },
                        {
                            "xml": "<string name=\"msg_sbc_failed\">Sorry, the search encountered a problem.</string>",
                            "count": 1
                        },
                        {
                            "xml": "<string name=\"msg_sbc_no_page_returned\">No page returned</string>",
                            "count": 1
                        },
                        {
                            "xml": "<string name=\"msg_sbc_page\">Page</string>",
                            "count": 1
                        },
                        {
                            "xml": "<string name=\"msg_sbc_results\">Results</string>",
                            "count": 1
                        },
                        {
                            "xml": "<string name=\"msg_sbc_searching_book\">Searching book\\u2026</string>",
                            "count": 1
                        },
                        {
                            "xml": "<string name=\"msg_sbc_snippet_unavailable\">Snippet not available</string>",
                            "count": 1
                        },
                        {
                            "xml": "<string name=\"msg_sbc_unknown_page\">Unknown page</string>",
                            "count": 1
                        },
                        {
                            "xml": "<string name=\"msg_share_explanation\">You can share data by displaying a barcode on your screen and scanning it with another phone.</string>",
                            "count": 1
                        },
                        {
                            "xml": "<string name=\"msg_share_subject_line\">Here are the contents of a barcode I scanned</string>",
                            "count": 1
                        },
                        {
                            "xml": "<string name=\"msg_share_text\">Or type some text and press Enter</string>",
                            "count": 1
                        },
                        {
                            "xml": "<string name=\"msg_sure\">Are you sure?</string>",
                            "count": 1
                        },
                        {
                            "xml": "<string name=\"msg_unmount_usb\">Sorry, the SD card is not accessible.</string>",
                            "count": 1
                        },
                        {
                            "xml": "<string name=\"preferences_actions_title\">When a barcode is found\\u2026</string>",
                            "count": 1
                        },
                        {
                            "xml": "<string name=\"preferences_auto_focus_title\">Use auto focus</string>",
                            "count": 1
                        },
                        {
                            "xml": "<string name=\"preferences_bulk_mode_summary\">Scan and save many barcodes continuously</string>",
                            "count": 1
                        },
                        {
                            "xml": "<string name=\"preferences_bulk_mode_title\">Bulk scan mode</string>",
                            "count": 1
                        },
                        {
                            "xml": "<string name=\"preferences_copy_to_clipboard_title\">Copy to clipboard</string>",
                            "count": 1
                        },
                        {
                            "xml": "<string formatted=\"false\" name=\"preferences_custom_product_search_summary\">Substitutions: %s = contents, %f = format, %t = type</string>",
                            "count": 1
                        },
                        {
                            "xml": "<string name=\"preferences_custom_product_search_title\">Custom search URL</string>",
                            "count": 1
                        },
                        {
                            "xml": "<string name=\"preferences_decode_1D_title\">1D barcodes</string>",
                            "count": 1
                        },
                        {
                            "xml": "<string name=\"preferences_decode_Data_Matrix_title\">Data Matrix</string>",
                            "count": 1
                        },
                        {
                            "xml": "<string name=\"preferences_decode_QR_title\">QR Codes</string>",
                            "count": 1
                        },
                        {
                            "xml": "<string name=\"preferences_device_bug_workarounds_title\">Device Bug Workarounds</string>",
                            "count": 1
                        },
                        {
                            "xml": "<string name=\"preferences_disable_continuous_focus_summary\">Use only standard focus mode</string>",
                            "count": 1
                        },
                        {
                            "xml": "<string name=\"preferences_disable_continuous_focus_title\">No continuous focus</string>",
                            "count": 1
                        },
                        {
                            "xml": "<string name=\"preferences_disable_exposure_title\">No exposure</string>",
                            "count": 1
                        },
                        {
                            "xml": "<string name=\"preferences_front_light_summary\">Improves scanning in low light on some phones, but may cause glare. Does not work on all phones.</string>",
                            "count": 1
                        },
                        {
                            "xml": "<string name=\"preferences_front_light_title\">Use front light</string>",
                            "count": 1
                        },
                        {
                            "xml": "<string name=\"preferences_general_title\">General settings</string>",
                            "count": 1
                        },
                        {
                            "xml": "<string name=\"preferences_name\">Settings</string>",
                            "count": 1
                        },
                        {
                            "xml": "<string name=\"preferences_play_beep_title\">Beep</string>",
                            "count": 1
                        },
                        {
                            "xml": "<string name=\"preferences_remember_duplicates_summary\">Store multiple scans of the same barcode in History</string>",
                            "count": 1
                        },
                        {
                            "xml": "<string name=\"preferences_remember_duplicates_title\">Remember duplicates</string>",
                            "count": 1
                        },
                        {
                            "xml": "<string name=\"preferences_result_title\">Result settings</string>",
                            "count": 1
                        },
                        {
                            "xml": "<string name=\"preferences_scanning_title\">When scanning for barcodes, decode\\u2026</string>",
                            "count": 1
                        },
                        {
                            "xml": "<string name=\"preferences_search_country\">Search country</string>",
                            "count": 1
                        },
                        {
                            "xml": "<string name=\"preferences_try_bsplus\">Try Barcode Scanner+</string>",
                            "count": 1
                        },
                        {
                            "xml": "<string name=\"preferences_try_bsplus_summary\">Enhanced with new features and interface</string>",
                            "count": 1
                        },
                        {
                            "xml": "<string name=\"preferences_supplemental_summary\">Try to retrieve more information about the barcode contents</string>",
                            "count": 1
                        },
                        {
                            "xml": "<string name=\"preferences_supplemental_title\">Retrieve more info</string>",
                            "count": 1
                        },
                        {
                            "xml": "<string name=\"preferences_vibrate_title\">Vibrate</string>",
                            "count": 1
                        },
                        {
                            "xml": "<string name=\"result_address_book\">Found contact info</string>",
                            "count": 1
                        },
                        {
                            "xml": "<string name=\"result_calendar\">Found calendar event</string>",
                            "count": 1
                        },
                        {
                            "xml": "<string name=\"result_email_address\">Found email address</string>",
                            "count": 1
                        },
                        {
                            "xml": "<string name=\"result_geo\">Found geographic coordinates</string>",
                            "count": 1
                        },
                        {
                            "xml": "<string name=\"result_isbn\">Found book</string>",
                            "count": 1
                        },
                        {
                            "xml": "<string name=\"result_product\">Found product</string>",
                            "count": 1
                        },
                        {
                            "xml": "<string name=\"result_sms\">Found SMS address</string>",
                            "count": 1
                        },
                        {
                            "xml": "<string name=\"result_tel\">Found phone number</string>",
                            "count": 1
                        },
                        {
                            "xml": "<string name=\"result_text\">Found plain text</string>",
                            "count": 1
                        },
                        {
                            "xml": "<string name=\"result_uri\">Found URL</string>",
                            "count": 1
                        },
                        {
                            "xml": "<string name=\"result_wifi\">Found WLAN Configuration</string>",
                            "count": 1
                        },
                        {
                            "xml": "<string name=\"sbc_name\">Google Book Search</string>",
                            "count": 1
                        },
                        {
                            "xml": "<string name=\"share_name\">Share via barcode</string>",
                            "count": 1
                        },
                        {
                            "xml": "<string name=\"wifi_changing_network\">Requesting connection to network\\u2026</string>",
                            "count": 1
                        },
                        {
                            "xml": "<string name=\"wifi_ssid_label\">Network Name</string>",
                            "count": 1
                        },
                        {
                            "xml": "<string name=\"wifi_type_label\">Type</string>",
                            "count": 1
                        }
                    ]
                }
            }
        }
    },
    "installed_plugins": {
        "cordova-plugin-extension": {
            "PACKAGE_NAME": "com.appsmobilecompany.base"
        },
        "cordova-plugin-admobpro": {
            "PACKAGE_NAME": "com.appsmobilecompany.base"
        },
        "cordova-hot-code-push-plugin": {
            "PACKAGE_NAME": "com.appsmobilecompany.base"
        },
        "cordova-plugin-splashscreen": {
            "PACKAGE_NAME": "com.appsmobilecompany.base"
        },
        "siberian-plugin-backgroundgeoloc": {
            "PACKAGE_NAME": "com.appsmobilecompany.base"
        },
        "cordova-plugin-app-version": {
            "PACKAGE_NAME": "com.appsmobilecompany.base"
        },
        "com.keosu.cordova.stream": {
            "PACKAGE_NAME": "com.appsmobilecompany.base"
        },
        "phonegap-plugin-barcodescanner": {
            "PACKAGE_NAME": "com.appsmobilecompany.base"
        },
        "cordova-plugin-camera": {
            "PACKAGE_NAME": "com.appsmobilecompany.base"
        },
        "com.verso.cordova.clipboard": {
            "PACKAGE_NAME": "com.appsmobilecompany.base"
        },
        "cordova-plugin-device": {
            "PACKAGE_NAME": "com.appsmobilecompany.base"
        },
        "cordova-plugin-dialogs": {
            "PACKAGE_NAME": "com.appsmobilecompany.base"
        },
        "cordova-plugin-file": {
            "PACKAGE_NAME": "com.appsmobilecompany.base"
        },
        "cordova-plugin-geolocation": {
            "PACKAGE_NAME": "com.appsmobilecompany.base"
        },
        "cordova-plugin-inappbrowser": {
            "PACKAGE_NAME": "com.appsmobilecompany.base"
        },
        "ionic-plugin-keyboard": {
            "PACKAGE_NAME": "com.appsmobilecompany.base"
        },
        "cordova-plugin-media": {
            "PACKAGE_NAME": "com.appsmobilecompany.base"
        },
        "de.neofonie.cordova.plugin.progressview": {
            "PACKAGE_NAME": "com.appsmobilecompany.base"
        },
        "phonegap-plugin-push": {
            "PACKAGE_NAME": "com.appsmobilecompany.base"
        },
        "cordova-plugin-x-socialsharing": {
            "PACKAGE_NAME": "com.appsmobilecompany.base"
        },
        "cordova-plugin-statusbar": {
            "PACKAGE_NAME": "com.appsmobilecompany.base"
        },
        "com.dawsonloudon.videoplayer": {
            "PACKAGE_NAME": "com.appsmobilecompany.base"
        },
        "cordova-plugin-whitelist": {
            "PACKAGE_NAME": "com.appsmobilecompany.base"
        },
        "de.appplant.cordova.plugin.local-notification": {
            "PACKAGE_NAME": "com.appsmobilecompany.base"
        },
        "siberian-plugin-offlinemode": {
            "PACKAGE_NAME": "com.appsmobilecompany.base"
        }
    },
    "dependent_plugins": {},
    "modules": [
        {
            "file": "plugins/cordova-plugin-admobpro/www/AdMob.js",
            "id": "cordova-plugin-admobpro.AdMob",
            "pluginId": "cordova-plugin-admobpro",
            "clobbers": [
                "window.AdMob"
            ]
        },
        {
            "file": "plugins/cordova-hot-code-push-plugin/www/chcp.js",
            "id": "cordova-hot-code-push-plugin.chcp",
            "pluginId": "cordova-hot-code-push-plugin",
            "clobbers": [
                "chcp"
            ]
        },
        {
            "file": "plugins/cordova-plugin-splashscreen/www/splashscreen.js",
            "id": "cordova-plugin-splashscreen.SplashScreen",
            "pluginId": "cordova-plugin-splashscreen",
            "clobbers": [
                "navigator.splashscreen"
            ]
        },
        {
            "file": "plugins/siberian-plugin-backgroundgeoloc/src/www/BackgroundGeoloc.js",
            "id": "siberian-plugin-backgroundgeoloc.BackgroundGeoloc",
            "pluginId": "siberian-plugin-backgroundgeoloc",
            "clobbers": [
                "window.BackgroundGeoloc"
            ]
        },
        {
            "file": "plugins/cordova-plugin-app-version/www/AppVersionPlugin.js",
            "id": "cordova-plugin-app-version.AppVersionPlugin",
            "pluginId": "cordova-plugin-app-version",
            "clobbers": [
                "cordova.getAppVersion"
            ]
        },
        {
            "file": "plugins/com.keosu.cordova.stream/www/Stream.js",
            "id": "com.keosu.cordova.stream.Stream",
            "pluginId": "com.keosu.cordova.stream",
            "clobbers": [
                "window.Stream"
            ]
        },
        {
            "file": "plugins/phonegap-plugin-barcodescanner/www/barcodescanner.js",
            "id": "phonegap-plugin-barcodescanner.BarcodeScanner",
            "pluginId": "phonegap-plugin-barcodescanner",
            "clobbers": [
                "cordova.plugins.barcodeScanner"
            ]
        },
        {
            "file": "plugins/cordova-plugin-camera/www/CameraConstants.js",
            "id": "cordova-plugin-camera.Camera",
            "pluginId": "cordova-plugin-camera",
            "clobbers": [
                "Camera"
            ]
        },
        {
            "file": "plugins/cordova-plugin-camera/www/CameraPopoverOptions.js",
            "id": "cordova-plugin-camera.CameraPopoverOptions",
            "pluginId": "cordova-plugin-camera",
            "clobbers": [
                "CameraPopoverOptions"
            ]
        },
        {
            "file": "plugins/cordova-plugin-camera/www/Camera.js",
            "id": "cordova-plugin-camera.camera",
            "pluginId": "cordova-plugin-camera",
            "clobbers": [
                "navigator.camera"
            ]
        },
        {
            "file": "plugins/cordova-plugin-camera/www/CameraPopoverHandle.js",
            "id": "cordova-plugin-camera.CameraPopoverHandle",
            "pluginId": "cordova-plugin-camera",
            "clobbers": [
                "CameraPopoverHandle"
            ]
        },
        {
            "file": "plugins/com.verso.cordova.clipboard/www/clipboard.js",
            "id": "com.verso.cordova.clipboard.Clipboard",
            "pluginId": "com.verso.cordova.clipboard",
            "clobbers": [
                "cordova.plugins.clipboard"
            ]
        },
        {
            "file": "plugins/cordova-plugin-device/www/device.js",
            "id": "cordova-plugin-device.device",
            "pluginId": "cordova-plugin-device",
            "clobbers": [
                "device"
            ]
        },
        {
            "file": "plugins/cordova-plugin-dialogs/www/notification.js",
            "id": "cordova-plugin-dialogs.notification",
            "pluginId": "cordova-plugin-dialogs",
            "merges": [
                "navigator.notification"
            ]
        },
        {
            "file": "plugins/cordova-plugin-dialogs/www/android/notification.js",
            "id": "cordova-plugin-dialogs.notification_android",
            "pluginId": "cordova-plugin-dialogs",
            "merges": [
                "navigator.notification"
            ]
        },
        {
            "file": "plugins/cordova-plugin-file/www/DirectoryEntry.js",
            "id": "cordova-plugin-file.DirectoryEntry",
            "pluginId": "cordova-plugin-file",
            "clobbers": [
                "window.DirectoryEntry"
            ]
        },
        {
            "file": "plugins/cordova-plugin-file/www/DirectoryReader.js",
            "id": "cordova-plugin-file.DirectoryReader",
            "pluginId": "cordova-plugin-file",
            "clobbers": [
                "window.DirectoryReader"
            ]
        },
        {
            "file": "plugins/cordova-plugin-file/www/Entry.js",
            "id": "cordova-plugin-file.Entry",
            "pluginId": "cordova-plugin-file",
            "clobbers": [
                "window.Entry"
            ]
        },
        {
            "file": "plugins/cordova-plugin-file/www/File.js",
            "id": "cordova-plugin-file.File",
            "pluginId": "cordova-plugin-file",
            "clobbers": [
                "window.File"
            ]
        },
        {
            "file": "plugins/cordova-plugin-file/www/FileEntry.js",
            "id": "cordova-plugin-file.FileEntry",
            "pluginId": "cordova-plugin-file",
            "clobbers": [
                "window.FileEntry"
            ]
        },
        {
            "file": "plugins/cordova-plugin-file/www/FileError.js",
            "id": "cordova-plugin-file.FileError",
            "pluginId": "cordova-plugin-file",
            "clobbers": [
                "window.FileError"
            ]
        },
        {
            "file": "plugins/cordova-plugin-file/www/FileReader.js",
            "id": "cordova-plugin-file.FileReader",
            "pluginId": "cordova-plugin-file",
            "clobbers": [
                "window.FileReader"
            ]
        },
        {
            "file": "plugins/cordova-plugin-file/www/FileSystem.js",
            "id": "cordova-plugin-file.FileSystem",
            "pluginId": "cordova-plugin-file",
            "clobbers": [
                "window.FileSystem"
            ]
        },
        {
            "file": "plugins/cordova-plugin-file/www/FileUploadOptions.js",
            "id": "cordova-plugin-file.FileUploadOptions",
            "pluginId": "cordova-plugin-file",
            "clobbers": [
                "window.FileUploadOptions"
            ]
        },
        {
            "file": "plugins/cordova-plugin-file/www/FileUploadResult.js",
            "id": "cordova-plugin-file.FileUploadResult",
            "pluginId": "cordova-plugin-file",
            "clobbers": [
                "window.FileUploadResult"
            ]
        },
        {
            "file": "plugins/cordova-plugin-file/www/FileWriter.js",
            "id": "cordova-plugin-file.FileWriter",
            "pluginId": "cordova-plugin-file",
            "clobbers": [
                "window.FileWriter"
            ]
        },
        {
            "file": "plugins/cordova-plugin-file/www/Flags.js",
            "id": "cordova-plugin-file.Flags",
            "pluginId": "cordova-plugin-file",
            "clobbers": [
                "window.Flags"
            ]
        },
        {
            "file": "plugins/cordova-plugin-file/www/LocalFileSystem.js",
            "id": "cordova-plugin-file.LocalFileSystem",
            "pluginId": "cordova-plugin-file",
            "clobbers": [
                "window.LocalFileSystem"
            ],
            "merges": [
                "window"
            ]
        },
        {
            "file": "plugins/cordova-plugin-file/www/Metadata.js",
            "id": "cordova-plugin-file.Metadata",
            "pluginId": "cordova-plugin-file",
            "clobbers": [
                "window.Metadata"
            ]
        },
        {
            "file": "plugins/cordova-plugin-file/www/ProgressEvent.js",
            "id": "cordova-plugin-file.ProgressEvent",
            "pluginId": "cordova-plugin-file",
            "clobbers": [
                "window.ProgressEvent"
            ]
        },
        {
            "file": "plugins/cordova-plugin-file/www/fileSystems.js",
            "id": "cordova-plugin-file.fileSystems",
            "pluginId": "cordova-plugin-file"
        },
        {
            "file": "plugins/cordova-plugin-file/www/requestFileSystem.js",
            "id": "cordova-plugin-file.requestFileSystem",
            "pluginId": "cordova-plugin-file",
            "clobbers": [
                "window.requestFileSystem"
            ]
        },
        {
            "file": "plugins/cordova-plugin-file/www/resolveLocalFileSystemURI.js",
            "id": "cordova-plugin-file.resolveLocalFileSystemURI",
            "pluginId": "cordova-plugin-file",
            "merges": [
                "window"
            ]
        },
        {
            "file": "plugins/cordova-plugin-file/www/browser/isChrome.js",
            "id": "cordova-plugin-file.isChrome",
            "pluginId": "cordova-plugin-file",
            "runs": true
        },
        {
            "file": "plugins/cordova-plugin-file/www/android/FileSystem.js",
            "id": "cordova-plugin-file.androidFileSystem",
            "pluginId": "cordova-plugin-file",
            "merges": [
                "FileSystem"
            ]
        },
        {
            "file": "plugins/cordova-plugin-file/www/fileSystems-roots.js",
            "id": "cordova-plugin-file.fileSystems-roots",
            "pluginId": "cordova-plugin-file",
            "runs": true
        },
        {
            "file": "plugins/cordova-plugin-file/www/fileSystemPaths.js",
            "id": "cordova-plugin-file.fileSystemPaths",
            "pluginId": "cordova-plugin-file",
            "merges": [
                "cordova"
            ],
            "runs": true
        },
        {
            "file": "plugins/cordova-plugin-geolocation/www/android/geolocation.js",
            "id": "cordova-plugin-geolocation.geolocation",
            "pluginId": "cordova-plugin-geolocation",
            "clobbers": [
                "navigator.geolocation"
            ]
        },
        {
            "file": "plugins/cordova-plugin-geolocation/www/PositionError.js",
            "id": "cordova-plugin-geolocation.PositionError",
            "pluginId": "cordova-plugin-geolocation",
            "runs": true
        },
        {
            "file": "plugins/cordova-plugin-inappbrowser/www/inappbrowser.js",
            "id": "cordova-plugin-inappbrowser.inappbrowser",
            "pluginId": "cordova-plugin-inappbrowser",
            "clobbers": [
                "cordova.InAppBrowser.open",
                "window.open"
            ]
        },
        {
            "file": "plugins/ionic-plugin-keyboard/www/android/keyboard.js",
            "id": "ionic-plugin-keyboard.keyboard",
            "pluginId": "ionic-plugin-keyboard",
            "clobbers": [
                "cordova.plugins.Keyboard"
            ],
            "runs": true
        },
        {
            "file": "plugins/cordova-plugin-media/www/MediaError.js",
            "id": "cordova-plugin-media.MediaError",
            "pluginId": "cordova-plugin-media",
            "clobbers": [
                "window.MediaError"
            ]
        },
        {
            "file": "plugins/cordova-plugin-media/www/Media.js",
            "id": "cordova-plugin-media.Media",
            "pluginId": "cordova-plugin-media",
            "clobbers": [
                "window.Media"
            ]
        },
        {
            "file": "plugins/de.neofonie.cordova.plugin.progressview/www/ProgressView.js",
            "id": "de.neofonie.cordova.plugin.progressview.ProgressView",
            "pluginId": "de.neofonie.cordova.plugin.progressview",
            "clobbers": [
                "window.plugins.ProgressView"
            ]
        },
        {
            "file": "plugins/phonegap-plugin-push/www/push.js",
            "id": "phonegap-plugin-push.PushNotification",
            "pluginId": "phonegap-plugin-push",
            "clobbers": [
                "PushNotification"
            ]
        },
        {
            "file": "plugins/cordova-plugin-x-socialsharing/www/SocialSharing.js",
            "id": "cordova-plugin-x-socialsharing.SocialSharing",
            "pluginId": "cordova-plugin-x-socialsharing",
            "clobbers": [
                "window.plugins.socialsharing"
            ]
        },
        {
            "file": "plugins/cordova-plugin-statusbar/www/statusbar.js",
            "id": "cordova-plugin-statusbar.statusbar",
            "pluginId": "cordova-plugin-statusbar",
            "clobbers": [
                "window.StatusBar"
            ]
        },
        {
            "file": "plugins/com.dawsonloudon.videoplayer/www/VideoPlayer.js",
            "id": "com.dawsonloudon.videoplayer.VideoPlayer",
            "pluginId": "com.dawsonloudon.videoplayer",
            "clobbers": [
                "VideoPlayer"
            ]
        },
        {
            "file": "plugins/cordova-plugin-whitelist/whitelist.js",
            "id": "cordova-plugin-whitelist.whitelist",
            "pluginId": "cordova-plugin-whitelist",
            "runs": true
        },
        {
            "file": "plugins/de.appplant.cordova.plugin.local-notification/www/local-notification.js",
            "id": "de.appplant.cordova.plugin.local-notification.LocalNotification",
            "pluginId": "de.appplant.cordova.plugin.local-notification",
            "clobbers": [
                "cordova.plugins.notification.local",
                "plugin.notification.local"
            ]
        },
        {
            "file": "plugins/de.appplant.cordova.plugin.local-notification/www/local-notification-core.js",
            "id": "de.appplant.cordova.plugin.local-notification.LocalNotification.Core",
            "pluginId": "de.appplant.cordova.plugin.local-notification",
            "clobbers": [
                "cordova.plugins.notification.local.core",
                "plugin.notification.local.core"
            ]
        },
        {
            "file": "plugins/de.appplant.cordova.plugin.local-notification/www/local-notification-util.js",
            "id": "de.appplant.cordova.plugin.local-notification.LocalNotification.Util",
            "pluginId": "de.appplant.cordova.plugin.local-notification",
            "merges": [
                "cordova.plugins.notification.local.core",
                "plugin.notification.local.core"
            ]
        },
        {
            "file": "plugins/siberian-plugin-offlinemode/www/OfflineMode.js",
            "id": "siberian-plugin-offlinemode.OfflineMode",
            "pluginId": "siberian-plugin-offlinemode",
            "clobbers": [
                "window.OfflineMode"
            ]
        }
    ],
    "plugin_metadata": {
        "cordova-plugin-extension": "1.3.0",
        "cordova-plugin-admobpro": "2.14.0",
        "cordova-hot-code-push-plugin": "1.3.2",
        "cordova-plugin-splashscreen": "3.2.2-dev",
        "siberian-plugin-backgroundgeoloc": "1.0.0",
        "cordova-plugin-app-version": "0.1.8",
        "com.keosu.cordova.stream": "0.1",
        "phonegap-plugin-barcodescanner": "4.1.0",
        "cordova-plugin-camera": "2.1.1",
        "com.verso.cordova.clipboard": "0.1.0",
        "cordova-plugin-device": "1.1.1",
        "cordova-plugin-dialogs": "1.2.1-dev",
        "cordova-plugin-file": "4.1.2-dev",
        "cordova-plugin-geolocation": "2.1.0",
        "cordova-plugin-inappbrowser": "1.2.1",
        "ionic-plugin-keyboard": "2.0.1",
        "cordova-plugin-media": "2.2.1-dev",
        "de.neofonie.cordova.plugin.progressview": "3.0.1",
        "phonegap-plugin-push": "1.5.3",
        "cordova-plugin-x-socialsharing": "5.0.12-dev",
        "cordova-plugin-statusbar": "2.1.2",
        "com.dawsonloudon.videoplayer": "1.0.0",
        "cordova-plugin-whitelist": "1.2.1",
        "de.appplant.cordova.plugin.local-notification": "0.8.4",
        "siberian-plugin-offlinemode": "1.0.0"
    }
}